ID	Species	Precursor_sequence
WP_167534015.1	Streptomyces gardneri	MKYWH
WP_165878048.1	Micromonospora sp. MW-13	MRYWH
WP_163988023.1	Pyxidicoccus caerfyrddinensis	MNYLH
WP_162689260.1	Streptomyces sp. ST1020	MSYDH
WP_160826862.1	Actinomadura sp. J1-007	MRYRH
WP_159041763.1	Streptomyces aureus	MKYWH
WP_158992425.1	Streptomyces sp. QHH-9511	MKYWH
WP_158718955.1	Streptomyces globisporus	MKYWH
WP_158710425.1	Streptomyces flavochromogenes	MKYWH
WP_158071316.1	Streptomyces sp.	MKYWH
WP_157995908.1	Thermomonospora amylolytica	MRYIH
WP_157882482.1	Streptomyces silvensis	MSYDH
WP_150501012.1	Streptomyces venezuelae	MKYWH
WP_150264322.1	Streptomyces venezuelae	MKYWH
WP_150162815.1	Streptomyces venezuelae	MKYWH
WP_149261402.1	Actinomadura sp. K4S16	MRYLH
WP_148006904.1	Streptomyces sp. adm13(2018)	MKYWH
WP_145953730.1	Streptomyces venezuelae	MKYWH
WP_143664724.1	Streptomyces sp. NRRL B-24572	MKYWH
WP_143204839.1	Streptomyces sp. CB02009	MKYWH
WP_143060225.1	Streptomyces sp. TLI_105	MKYWH
WP_141596751.1	Streptomyces ipomoeae	MRYLH
WP_141585632.1	Streptomyces ipomoeae	MRYLH
WP_138637966.1	Actinomadura geliboluensis	MRYLH
WP_137992078.1	Streptomyces exfoliatus	MKYWH
WP_132917526.1	Streptomyces sp. BK215	MKYWH
WP_125741628.1	Streptomyces sp. WAC01280	MKYWH
WP_123456509.1	Streptomyces sp. PanSC19	MKYWH
WP_121220752.1	Saccharothrix variisporea	MRYVH
WP_120043944.1	Nocardia panacis	MDYPH
WP_117669865.1	Micromonospora sp. MW-13	MRYLH
WP_116157735.1	Streptomyces sp. 62	MKYWH
WP_114025389.1	Streptomyces diacarni	MRYVH
WP_114013457.1	Streptomyces reniochalinae	MRYIH
WP_113692517.1	Amycolatopsis albispora	MDYPH
WP_111332071.1	Streptomyces sp.	MSYDH
WP_107082903.1	Streptomyces avermitilis	MRYVH
WP_091113207.1	Micromonospora eburnea	MRYIH
WP_086758420.1	Streptomyces sp.	MRYLH
WP_084716425.1	Saccharothrix syringae	MDYPH
WP_084263342.1	Actinomadura formosensis	MRYLH
WP_069202185.1	Streptomyces venezuelae	MKYWH
WP_067804628.1	Actinomadura formosensis	MRYLH
WP_067473018.1	Actinomadura hibisca	MKYWH
WP_056562044.1	Streptomyces sp.	MKYWH
WP_055718270.1	Streptomyces sp.	MSYDH
WP_052499426.1	Streptomyces vietnamensis	MKYWH
WP_040275222.1	Streptomonospora alba	MRYDH
WP_030819383.1	Streptomyces sp.	MSYDH
WP_027761952.1	Streptomyces qinglanensis	MRYIH
WP_024761848.1	Streptomyces exfoliatus	MKYWH
WP_019357243.1	Streptomyces sp. AA1529	MRYIH
WP_015100824.1	Saccharothrix espanaensis	MDYPH
WP_015037861.1	Streptomyces venezuelae	MKYWH
PZT70810.1	Streptomyces sp. SW4	MRHAH
SCD88565.1	Streptomyces sp. di50b	MRHAH
WP_051865888.1	Streptomyces griseus	MRHAH
WP_093764026.1	Streptomyces	MRHIH
WP_147244088.1	Streptomyces sp. ISID311	MRHAH
WP_167744107.1	Streptomyces sp. 2BBP-J2	MRHIH
WP_169813928.1	Actinomadura kijaniata	MRHVH
WP_182847545.1	Actinomadura namibiensis	MRHVH
WP_189912607.1	Streptomyces viridodiastaticus	MRHIH
WP_217245349.1	Streptomyces sp. AC602_WCS936	MRHAH
WP_221907285.1	Streptomyces sp. BHT-5-2	MRHVH
AGL19003.1	Actinoplanes sp. N902-109	MQYDH
AQZ70540.1	Nonomuraea sp. ATCC 55076	MRYRH
BCB75145.1	Phytohabitans flavus	MRYIH
CEL18182.1	Kibdelosporangium sp. MJ126-NF4	MHYKH
CEL18183.1	Kibdelosporangium sp. MJ126-NF4	MHYKH
GFH66526.1	Streptomyces rutgersensis	MRYLH
GFH76182.1	Streptomyces gougerotii	MRYLH
GHG04791.1	Streptomyces filamentosus	MSYDH
KIH97622.1	Streptomonospora alba	MRYDH
KOX28817.1	Saccharothrix sp. NRRL B-16348	MYYLH
KUF17349.1	Streptomyces silvensis	MSYDH
KUJ64718.1	Streptomyces albus subsp. albus	MRYIH
OEJ36126.1	Streptomyces subrutilus	MSYDH
ONI92784.1	Saccharothrix sp. ALI-22-I	MFYDH
OQQ15534.1	Streptomyces sp. M41(2017)	MTYDH
PZT74878.1	Streptomyces sp. AC1-42T	MSYDH
RGC66941.1	Micromonospora sp. MW-13	MRYLH
RJO70887.1	Nocardia panacis	MDYPH
QRM13816.1	Planomonospora sp. ID82291	MRYFH
RKT69193.1	Saccharothrix variisporea	MRYVH
SEQ30058.1	Streptomyces sp. yr375	MSYDH
TFE80622.1	Micrococcus yunnanensis	MTYDHIL
WP_009947545.1	Saccharopolyspora erythraea	MDYPH
WP_015623560.1	Actinoplanes sp. N902-109	MQYDH
WP_016467354.1	Streptomyces	MRYVH
WP_019357243.1	Streptomyces sp. AA1529	MRYIH
WP_026422380.1	Actinokineospora inagensis	MSYDH
WP_027761952.1	Streptomyces qinglanensis	MRYIH
WP_030800649.1	Streptomyces sp. NRRL S-337	MSYDH
WP_030819383.1	Streptomyces	MSYDH
WP_031026700.1	Streptomyces sp. NRRL F-5639	MRYVH
WP_033431254.1	Saccharothrix syringae	MDYPH
WP_034520669.1	Actinomadura rifamycini	MRYLH
WP_047017281.1	Streptomyces sp. CNQ-509	MSYDH
WP_048478122.1	Streptomyces roseus	MSYDH
WP_052478416.1	Kibdelosporangium sp. MJ126-NF4	MHYKH
WP_052809996.1	Streptomonospora alba	MRYDH
WP_053716375.1	Saccharothrix sp. NRRL B-16348	MYYLH
WP_054292478.1	Kibdelosporangium phytohabitans	MNYRH
WP_055499314.1	Streptomyces albus	MRYVH
WP_055718270.1	Streptomyces	MSYDH
WP_058928901.1	Streptomyces sp. CdTB01	MTYDH
WP_067473018.1	Actinomadura hibisca	MKYWH
WP_067804628.1	Actinomadura formosensis	MRYLH
WP_073388255.1	Jatrophihabitans endophyticus	MTYVH
WP_074999637.1	Streptomyces qinglanensis	MRYIH
WP_075974605.1	Actinokineospora bangkokensis	MSYDHIS
WP_079154530.1	Streptomyces subrutilus	MSYDH
WP_080039781.1	Streptosporangiales	MRYRH
WP_081222223.1	Streptomyces sp. M41	MTYDH
WP_090898776.1	unclassified Paenibacillus	MIYTH
WP_111332071.1	unclassified Streptomyces	MSYDH
WP_114013457.1	Streptomyces reniochalinae	MRYIH
WP_114025389.1	Streptomyces diacarni	MRYVH
WP_115788548.1	Arthrobacter silvisoli	MLYDHIA
WP_117356064.1	Actinomadura logoneensis	MKYWH
WP_122147575.1	Cellulomonas sp. NEAU-YY56	MTYNHIV
WP_125523660.1	Streptomyces sp. WAC 05379	MSYDH
WP_125616065.1	Actinomadura sp. WAC 06369	MRYLH
WP_127361668.1	Actinacidiphila soli	MSYDH
WP_135337917.1	Streptomyces palmae	MRYLH
WP_136214634.1	Streptomyces sp. A1136	MSYDH
WP_138637966.1	Actinomadura geliboluensis	MRYLH
WP_142146126.1	Streptomyces sp. SLBN-31	MSYNH
WP_143098833.1	Streptomyces sp. yr375	MSYDH
WP_143531888.1	Saccharothrix sp. ALI-22-I	MFYDH
WP_143648821.1	Streptomyces alkaliterrae	MSYDH
WP_149261402.1	Actinomadura sp. K4S16	MRYLH
WP_153526325.1	Streptomyces jumonjinensis	MSYDH
WP_157429744.1	Actinomadura oligospora	MKYWH
WP_157995908.1	Thermomonospora amylolytica	MRYIH
WP_159674842.1	Streptomyces mexicanus	MGYDH
WP_160826862.1	Actinomadura sp. J1-007	MRYRH
WP_162689260.1	Streptomyces sp. ST1020	MSYDH
WP_163988023.1	Pyxidicoccus caerfyrddinensis	MNYLH
WP_164439288.1	Streptomyces albus	MRYVH
WP_168587632.1	Saccharopolyspora sp. ASAGF58	MVYDH
WP_169344400.1	Pyxidicoccus fallax	MNYLH
WP_172388015.1	Streptomyces sp. MNP-20	MSYDH
WP_179846876.1	Actinomadura luteofluorescens	MRYLH
WP_181384285.1	Streptomyces sp. NWU49	MTYDH
WP_182708337.1	Thermomonospora cellulosilytica	MRYIH
WP_184933437.1	Kitasatospora kifunensis	MSYDH
WP_185026858.1	Actinomadura coerulea	MRYLH
WP_187242675.1	Actinomadura alba	MRYIH
WP_187821553.1	Streptomyces sp. TRM68367	MTYDH
WP_188342106.1	Streptomyces xanthii	MSYDH
WP_190042383.1	Streptomyces filamentosus	MSYDH
WP_190056927.1	Streptomyces echinoruber	MSYDH
WP_191207733.1	Streptomyces chumphonensis	MRYLH
WP_191334294.1	Actinomadura cremea	MRYLH
WP_191867971.1	Streptomyces gougerotii	MRYLH
WP_193453809.1	Streptomyces rutgersensis	MRYLH
WP_196194857.1	Streptacidiphilus fuscans	MRYVH
WP_197938166.1	Phytohabitans flavus	MRYIH
WP_198028886.1	Actinoplanes sp. N902-109	MQYDH
WP_198151687.1	Kibdelosporangium sp. MJ126-NF4	MHYKH
WP_198550307.1	Streptomyces silvensis	MSYDH
WP_200723493.1	Streptomyces sp. MBT49	MSYDH
WP_201435482.1	Saccharothrix sp. 6-C	MYYVH
WP_203236935.1	Nocardia panacis	MDYPH
WP_203405941.1	Archangium violaceum	MNYLH
WP_203790048.1	Actinoplanes rishiriensis	MSYDH
WP_203920145.1	Rugosimonospora africana	MKYWH
WP_204011461.1	Sphaerimonospora thailandensis	MRYLH
WP_207892810.1	Micromonospora sp. MW-13	MRYLH
WP_208601958.1	Micromonospora eburnea	MRYIH
WP_208812380.1	Micromonospora echinofusca	MRYLH
WP_211348027.1	Saccharothrix texasensis	MYYVH
WP_211898415.1	Saccharopolyspora erythraea	MDYPH
WP_212826894.1	Polymorphospora rubra	MRYLH
WP_215017310.1	Streptomyces sp. ISL-94	MRYDHCL
WP_215026536.1	Streptomyces sp. ISL-66	MRYDHCL
WP_219441052.1	Saccharothrix obliqua	MDYPH
WP_220506603.1	Amycolatopsis dendrobii	MLYVH
WP_221320770.1	Actinoplanes sp. L3-i22	MRYFH
WP_013017934.1	Stackebrandtia nassauensis	MRYWY
WP_208263840.1	Actinomadura barringtoniae	MRYWY
WP_203658450.1	Actinocatenispora rupis	MRYWY
WP_185072390.1	Nonomuraea jabiensis	MRYWY
WP_147135745.1	Stackebrandtia albiflava	MRYWY
WP_285938990.1	Actinomadura xylanilytica	MRYWY